{"timestamp": "2023-01-29 05:25:45.753565", "temperature": 25.100000381469727, "humidity": 91.4000015258789, "red": 58, "green": 9, "blue": 49, "clear": 48}